{
  "c0": -2.0215347169661575,
  "c1_0": 0.30158371015966084,
  "c1_1": -0.017944835827164968,
  "c2_d0000_0_00": 0.001389146504338009,
  "c2_d0000_0_01": -0.00850333245022483,
  "c2_d0000_0_11": 0.03327880476391569,
  "c2_d0001_0_00": -0.007786102233364214,
  "c2_d0001_0_01": -0.0017053615543755958,
  "c2_d0001_0_11": 0.0075767078925841665,
  "c2_d0002_0_00": -0.00893715488693758,
  "c2_d0002_0_01": -0.005111725729894821,
  "c2_d0002_0_11": 0.005297661135309892,
  "c2_d0003_0_00": -0.010309306132498681,
  "c2_d0003_0_01": -0.008712523209334636,
  "c2_d0003_0_11": 0.0048758385042497205,
  "c2_d0004_0_00": 0.014259659179687785,
  "c2_d0004_0_01": -0.008503332450259617,
  "c2_d0004_0_11": 0.02022147925204027,
  "c2_d0005_0_00": -0.020015464102446683,
  "c2_d0005_0_01": 0.02683127736543878,
  "c2_d0005_0_11": -9.278789049978947e-05,
  "c2_d0006_0_00": -0.016498640272015218,
  "c2_d0006_0_01": 0.01704870280160498,
  "c2_d0006_0_11": 0.007936720222361091,
  "c2_d0007_0_00": -0.009451414041041635,
  "c2_d0007_0_01": -0.006616017043359744,
  "c2_d0007_0_11": 0.005718500166227036,
  "c2_d0008_0_00": -0.004633932188574696,
  "c2_d0008_0_01": 0.006736139847263208,
  "c2_d0008_0_11": 0.011658238178788336,
  "c2_d0009_0_00": 0.025480963594367644,
  "c2_d0009_0_01": -0.008503332450341836,
  "c2_d0009_0_11": 0.008949507024716937,
  "c2_d0010_0_00": -0.01215044936928593,
  "c2_d0010_0_01": -0.014557406434042257,
  "c2_d0010_0_11": 0.001977677327576095,
  "c2_d0011_0_00": 0.016726186602487796,
  "c2_d0011_0_01": -0.008503332449848515,
  "c2_d0011_0_11": 0.017403420038376905,
  "c2_d0012_0_00": -0.003954181959469085,
  "c2_d0012_0_01": 0.007420552448239418,
  "c2_d0012_0_11": 0.011998818267810612,
  "c2_d0013_0_00": 0.0023844113986540424,
  "c2_d0013_0_01": -0.008503332449962358,
  "c2_d0013_0_11": 0.03406157071529216,
  "c2_d0014_0_00": -0.006884428328232363,
  "c2_d0014_0_01": 0.0007715436221954499,
  "c2_d0014_0_11": 0.007990396588281583,
  "c2_d0015_0_00": -0.01853104432028338,
  "c2_d0015_0_01": 0.020361715695069255,
  "c2_d0015_0_11": 0.0023191062556723197,
  "c2_d0016_0_00": -0.0005770143638605179,
  "c2_d0016_0_01": 0.017269341329601354,
  "c2_d0016_0_11": 0.014729722050426717,
  "c2_d0017_0_00": -0.02564373053747268,
  "c2_d0017_0_01": 0.038373790307101106,
  "c2_d0017_0_11": -0.008880149969057227,
  "c2_d0018_0_00": 0.03298035448641597,
  "c2_d0018_0_01": -0.008503332450025604,
  "c2_d0018_0_11": 0.0015454336036330417,
  "c2_d0019_0_00": -0.011388018181214337,
  "c2_d0019_0_01": -0.012167104102483632,
  "c2_d0019_0_11": 0.003497472575506339,
  "c2_d0020_0_00": 0.039735807777322336,
  "c2_d0020_0_01": -0.00850333245014261,
  "c2_d0020_0_11": -0.005397552792354886,
  "c2_d0021_0_00": -0.010412491247557453,
  "c2_d0021_0_01": -0.009573920077505819,
  "c2_d0021_0_11": 0.004515463302604271,
  "c2_d0022_0_00": 0.030384653669676107,
  "c2_d0022_0_01": -0.008503332450129962,
  "c2_d0022_0_11": 0.0023546919478451282,
  "c2_d0023_0_00": -0.01518535757365845,
  "c2_d0023_0_01": -0.02205268608868535,
  "c2_d0023_0_11": -0.0006243976792063292,
  "c2_d0024_0_00": -0.0010447054132268967,
  "c2_d0024_0_01": -0.008503332450294401,
  "c2_d0024_0_11": 0.03492275103705029,
  "c2_d0025_0_00": -0.018957051065831624,
  "c2_d0025_0_01": 0.021195356119537528,
  "c2_d0025_0_11": -0.0006986073834198357,
  "c2_d0026_0_00": 0.0033200811440585775,
  "c2_d0026_0_01": 0.02859728898399724,
  "c2_d0026_0_11": 0.01891252662316328,
  "c2_d0027_0_00": -0.020926672108280274,
  "c2_d0027_0_01": 0.028342121114379976,
  "c2_d0027_0_11": -0.002107340241508524,
  "c2_d0028_0_00": 0.03475418629006383,
  "c2_d0028_0_01": -0.00850333245008885,
  "c2_d0028_0_11": -0.0010355978451296616,
  "c2_d0029_0_00": -0.014779662537265127,
  "c2_d0029_0_01": -0.02223547436877704,
  "c2_d0029_0_11": -0.0014854981575649685,
  "c2_d0030_0_00": -0.018405225825156787,
  "c2_d0030_0_01": -0.03155866221153229,
  "c2_d0030_0_11": -0.0053253271002955335,
  "c2_d0031_0_00": -0.01021546505324564,
  "c2_d0031_0_01": -0.008899941611839279,
  "c2_d0031_0_11": 0.004712903675484039,
  "c2_d0032_0_00": -0.02363667515326182,
  "c2_d0032_0_01": -0.04641206412121639,
  "c2_d0032_0_11": -0.011397296880576628,
  "c2_d0033_0_00": 0.0004129859248820724,
  "c2_d0033_0_01": 0.02032976659672699,
  "c2_d0033_0_11": 0.01692674308565168,
  "c2_d0034_0_00": 0.01549292396459674,
  "c2_d0034_0_01": -0.008503332450092013,
  "c2_d0034_0_11": 0.018169690645766973,
  "c2_d0035_0_00": 0.010039077619324316,
  "c2_d0035_0_01": -0.008503332450430381,
  "c2_d0035_0_11": 0.02563553170750479,
  "c2_d0036_0_00": -0.003220699142489837,
  "c2_d0036_0_01": 0.011131634993442477,
  "c2_d0036_0_11": 0.013669444079838458,
  "c2_d0037_0_00": -0.02423500300425475,
  "c2_d0037_0_01": 0.037928167867518306,
  "c2_d0037_0_11": -0.007151793863283309,
  "c2_d0038_0_00": 0.035327275976951865,
  "c2_d0038_0_01": -0.008503332450158423,
  "c2_d0038_0_11": -0.003515399136411767,
  "c2_d0039_0_00": 0.039009520827569574,
  "c2_d0039_0_01": -0.00850333244981057,
  "c2_d0039_0_11": -0.005081662684406979,
  "c2_d0040_0_00": -0.019144686511798854,
  "c2_d0040_0_01": -0.034830896984476445,
  "c2_d0040_0_11": -0.007426902976773916,
  "c2_d0041_0_00": -0.016173674662832257,
  "c2_d0041_0_01": 0.015143234520368537,
  "c2_d0041_0_11": 0.007150151253658761,
  "c2_d0042_0_00": -0.016502253583029636,
  "c2_d0042_0_01": 0.01603346072121522,
  "c2_d0042_0_11": 0.005986718398720638,
  "c2_d0043_0_00": -0.013657318068819086,
  "c2_d0043_0_01": -0.01851083994473174,
  "c2_d0043_0_11": 0.0009445984149950613,
  "c2_d0044_0_00": -0.009502865772757121,
  "c2_d0044_0_01": -0.006775337110678906,
  "c2_d0044_0_11": 0.004946594400108156,
  "c2_d0045_0_00": 0.03641847153075909,
  "c2_d0045_0_01": -0.008503332449886464,
  "c2_d0045_0_11": -0.0035817224649649145,
  "c2_d0046_0_00": 0.001309711467248216,
  "c2_d0046_0_01": 0.02457857928669066,
  "c2_d0046_0_11": 0.017945899901988197,
  "c2_d0047_0_00": 0.013772322780170092,
  "c2_d0047_0_01": -0.008503332450152097,
  "c2_d0047_0_11": 0.02163950124298914,
  "c2_d0048_0_00": 0.002007212065739404,
  "c2_d0048_0_01": 0.025584013332422197,
  "c2_d0048_0_11": 0.019146382948671572,
  "c2_d0049_0_00": -0.014013316768698983,
  "c2_d0049_0_01": -0.018813754910371776,
  "c2_d0049_0_11": 0.00011700565662123898,
  "c2_d0050_0_00": 0.012645633510420593,
  "c2_d0050_0_01": -0.008503332449997144,
  "c2_d0050_0_11": 0.021843370898008214,
  "c2_d0051_0_00": -0.0033540433789114063,
  "c2_d0051_0_01": 0.011878417323217367,
  "c2_d0051_0_11": 0.012560425310909992,
  "c2_d0052_0_00": 0.01590554039650299,
  "c2_d0052_0_01": -0.008503332449962358,
  "c2_d0052_0_11": 0.018081071635477963,
  "c2_d0053_0_00": -0.010054708229418575,
  "c2_d0053_0_01": -0.007860602584571962,
  "c2_d0053_0_11": 0.005133736015077222,
  "c2_d0054_0_00": 0.014583616234082816,
  "c2_d0054_0_01": -0.008503332449937062,
  "c2_d0054_0_11": 0.019751708943286917,
  "c2_d0055_0_00": 0.016541737195090927,
  "c2_d0055_0_01": -0.008503332450164748,
  "c2_d0055_0_11": 0.017426492311121592,
  "c2_d0056_0_00": 0.022975453191074923,
  "c2_d0056_0_01": -0.008503332450012958,
  "c2_d0056_0_11": 0.011316666784713195,
  "c2_d0057_0_00": -0.0048317043458787285,
  "c2_d0057_0_01": 0.00513823867712906,
  "c2_d0057_0_11": 0.011273596611642789,
  "c2_d0058_0_00": 0.03325214599915739,
  "c2_d0058_0_01": -0.008503332449766296,
  "c2_d0058_0_11": 0.0006624934994411125,
  "c2_d0059_0_00": 0.005609112441538801,
  "c2_d0059_0_01": 0.03660222118482756,
  "c2_d0059_0_11": 0.023563853197011143,
  "c3_d0000_0_000": -0.0006807216534367464,
  "c3_d0000_0_001": 0.007180500079446789,
  "c3_d0000_0_010": -0.005903022090989265,
  "c3_d0000_0_011": 0.009663466658939949,
  "c3_d0000_0_110": 0.017920117984338582,
  "c3_d0000_0_111": -0.02507643670563264,
  "c3_d0001_0_000": -0.011682706478754261,
  "c3_d0001_0_001": 0.017927523200109895,
  "c3_d0001_0_010": -0.04104864936903134,
  "c3_d0001_0_011": 0.07006883556697424,